{
    "columns": [
        "green_energy_HU",
        "HU_Load",
        "green_energy_IT",
        "IT_Load",
        "green_energy_PO",
        "PO_Load",
        "green_energy_SP",
        "SP_Load",
        "green_energy_UK",
        "UK_Load",
        "green_energy_DE",
        "DE_Load",
        "green_energy_DK",
        "DK_Load",
        "green_energy_SE",
        "SE_Load",
        "green_energy_NE",
        "NE_Load"
    ],
    "means": [
        14348.019404177605,
        19823.071567172698,
        28388.34813377468,
        32674.919872160714,
        18570.24369364228,
        19678.8299280904,
        87262.05855495948,
        76001.90549024084,
        440.63394589658714,
        1157.559068599475,
        225256.0844652437,
        220354.86999201003,
        3885.5291633375186,
        3918.8435110147243,
        18489.681086633947,
        15081.746946695583,
        49851.027508275314,
        45833.28729597078
    ],
    "stds": [
        2666.610359509013,
        2992.1169558377564,
        7336.496716409333,
        7237.539430967659,
        2759.3077914130467,
        3165.321453926707,
        48313.74489740261,
        41176.89325057378,
        665.4007455483587,
        667.9190878800861,
        43213.070990654225,
        38360.91173603333,
        1500.1377481195493,
        703.1099248980469,
        2603.6027585024835,
        3117.994539471057,
        11932.351301578783,
        7898.858776797122
    ]
}